ï»¿country,latitude,longitude,country,cases_tot,cases_tot_per10000,new_cases_7d,new_cases_7d_per10000,new_cases_24h,deaths_tot,deaths_tot_per10000,new_deaths_7d,new_deaths_24h,ISO3,TOTAL_VACCINATIONS,PERSONS_VACCINATED_1PLUS_DOSE,TOTAL_VACCINATIONS_PER100,PERSONS_VACCINATED_1PLUS_DOSE_PER100,PERSONS_LAST_DOSE,PERSONS_LAST_DOSE_PER100,PERSONS_BOOSTER_ADD_DOSE,PERSONS_BOOSTER_ADD_DOSE_PER100
AF,33.93911,67.709953,Afghanistan,235214.0,604.0,,,,7998.0,21.0,,,AFG,23000000.0,19200000.0,59.0,49.0,18400000.0,47.0,2729940.0,7.0
AL,41.153332,20.168331,Albania,337196.0,11717.0,,,,3608.0,125.0,,,ALB,3088966.0,1349255.0,107.0,47.0,1279333.0,44.0,402371.0,14.0
DZ,28.033886,1.659626,Algeria,272175.0,621.0,,,,6881.0,16.0,,,DZA,15300000.0,7840131.0,35.0,18.0,6481186.0,15.0,575651.0,1.0
AS,-14.270972,-170.132217,American Samoa,8359.0,15144.0,,,,34.0,62.0,,,,,,,,,,,
AD,42.546245,1.601554,Andorra,48015.0,62143.0,,,,159.0,206.0,,,AND,157072.0,57913.0,203.0,75.0,53501.0,69.0,43071.0,56.0
AO,-11.202692,17.873887,Angola,107487.0,327.0,,,,1937.0,6.0,,,AGO,27800000.0,16600000.0,85.0,50.0,9609080.0,29.0,3067091.0,9.0
AI,18.220554,-63.068615,Anguilla,3904.0,26023.0,,,,12.0,80.0,,,AIA,24864.0,10858.0,166.0,72.0,10382.0,69.0,3231.0,22.0
AG,17.060816,-61.796428,Antigua and Barbuda,9106.0,9299.0,,,,146.0,149.0,,,ATG,136512.0,64290.0,139.0,66.0,62384.0,64.0,9838.0,10.0
AR,-38.416097,-63.616672,Argentina,10109877.0,22369.0,260.0,1.0,260.0,130719.0,289.0,5.0,5.0,ARG,117000000.0,41200000.0,258.0,91.0,38100000.0,84.0,27700000.0,61.0
AM,40.069099,45.038189,Armenia,453040.0,15289.0,,,,8779.0,296.0,,,ARM,2256919.0,1150915.0,76.0,39.0,1030758.0,35.0,81354.0,3.0
AW,12.52111,-69.968338,Aruba,44224.0,41421.0,,,,292.0,273.0,,,ABW,217124.0,90493.0,203.0,85.0,84363.0,79.0,35659.0,33.0
AU,-25.274398,133.775136,Australia,11861161.0,46515.0,,,,25236.0,99.0,,,AUS,69700000.0,22400000.0,273.0,88.0,21800000.0,85.0,14400000.0,56.0
AT,47.516231,14.550072,Austria,6082971.0,68340.0,23.0,,23.0,22534.0,253.0,,,AUT,20400000.0,6909588.0,229.0,78.0,6682372.0,75.0,5405966.0,61.0
AZ,40.143105,47.576927,Azerbaijan,836492.0,8250.0,,,,10353.0,102.0,,,AZE,13800000.0,5436662.0,136.0,54.0,4888112.0,48.0,3504588.0,35.0
BS,25.03428,-77.39628,Bahamas,39127.0,9950.0,,,,849.0,216.0,,,BHS,366359.0,174810.0,93.0,44.0,166972.0,42.0,33717.0,9.0
BH,25.930414,50.637772,Bahrain,696614.0,40939.0,,,,1536.0,90.0,,,BHR,3476633.0,1241174.0,204.0,73.0,1226796.0,72.0,1008663.0,59.0
BD,23.684994,90.356331,Bangladesh,2051506.0,1246.0,2.0,,2.0,29499.0,18.0,,,BGD,362000000.0,152000000.0,220.0,92.0,142000000.0,86.0,68500000.0,42.0
BB,13.193887,-59.543198,Barbados,108836.0,37872.0,,,,593.0,206.0,,,BRB,384049.0,163853.0,134.0,57.0,155047.0,54.0,62848.0,22.0
BY,53.709807,27.953389,Belarus,994045.0,10520.0,,,,7118.0,75.0,,,BLR,22800000.0,6451746.0,241.0,68.0,6366658.0,67.0,5724423.0,61.0
BE,50.503887,4.469936,Belgium,4891945.0,42456.0,471.0,4.0,471.0,34339.0,298.0,,,BEL,29100000.0,9248897.0,253.0,80.0,9152736.0,79.0,7246551.0,63.0
BZ,17.189877,-88.49765,Belize,71430.0,17964.0,,,,688.0,173.0,,,BLZ,511106.0,236221.0,129.0,59.0,221478.0,56.0,53189.0,13.0
BJ,9.30769,2.315834,Benin,28036.0,231.0,,,,163.0,1.0,,,BEN,4232541.0,3697190.0,35.0,30.0,2742837.0,23.0,,
BM,32.321384,-64.75737,Bermuda,18860.0,30286.0,,,,165.0,265.0,,,BMU,136759.0,48554.0,220.0,78.0,47657.0,77.0,32016.0,51.0
BT,27.514162,90.433601,Bhutan,62697.0,8125.0,,,,21.0,3.0,,,BTN,2011426.0,699116.0,261.0,91.0,677669.0,88.0,634641.0,82.0
BO,-16.290154,-63.588653,Bolivia,1212156.0,10384.0,,,,22387.0,192.0,,,BOL,16100000.0,7505389.0,138.0,64.0,6307628.0,54.0,2521192.0,22.0
BA,43.915886,17.679076,Bosnia and Herzegovina,404024.0,12315.0,18.0,1.0,18.0,16404.0,500.0,,,BIH,1190949.0,546013.0,36.0,17.0,461202.0,14.0,182203.0,6.0
BW,-22.328474,24.684866,Botswana,330696.0,14062.0,,,,2801.0,119.0,,,BWA,3171667.0,1951054.0,135.0,83.0,1663490.0,71.0,510809.0,22.0
BR,-14.235004,-51.92528,Brazil,37511921.0,17648.0,,,,702116.0,330.0,,,BRA,516000000.0,185000000.0,243.0,87.0,173000000.0,81.0,111000000.0,52.0
VG,18.420695,-64.639968,British Virgin Islands,7628.0,25227.0,,,,64.0,212.0,,,VGB,41453.0,19466.0,137.0,64.0,18261.0,60.0,3726.0,12.0
BN,4.535277,114.727669,Brunei Darussalam,349706.0,79937.0,96.0,22.0,96.0,182.0,42.0,1.0,1.0,BRN,1293100.0,451149.0,296.0,100.0,446714.0,100.0,340466.0,78.0
BG,42.733883,25.48583,Bulgaria,1338778.0,19259.0,107.0,2.0,107.0,38764.0,558.0,,,BGR,4723016.0,2155863.0,68.0,31.0,2080472.0,30.0,864723.0,12.0
BF,12.238333,-1.561593,Burkina Faso,22160.0,106.0,,,,400.0,2.0,,,BFA,7893609.0,6089089.0,38.0,29.0,5232347.0,25.0,4056.0,
BI,-3.373056,29.918886,Burundi,54569.0,459.0,,,,15.0,,,,BDI,42252.0,36909.0,,,36321.0,,314.0,
KH,12.565679,104.990963,Cambodia,139325.0,833.0,,,,3056.0,18.0,,,KHM,47800000.0,15300000.0,286.0,92.0,14700000.0,88.0,10800000.0,64.0
CM,7.369722,12.354722,Cameroon,125279.0,472.0,,,,1974.0,7.0,,,CMR,4880572.0,3753733.0,18.0,14.0,3197286.0,12.0,803560.0,3.0
CA,56.130366,-106.346771,Canada,4819055.0,12768.0,,,,55282.0,146.0,,,CAN,99000000.0,32600000.0,262.0,87.0,31300000.0,83.0,19900000.0,53.0
CV,16.002082,-24.013197,Cape Verde,64474.0,11596.0,,,,417.0,75.0,,,CPV,859940.0,356734.0,155.0,64.0,308720.0,56.0,749.0,
KY,19.513469,-80.566956,Cayman Islands,31472.0,47888.0,,,,37.0,56.0,,,CYM,152148.0,62113.0,232.0,95.0,60696.0,92.0,24064.0,37.0
CF,6.611111,20.939444,Central African Republic,15443.0,320.0,,,,113.0,2.0,,,CAF,3342248.0,2600389.0,69.0,54.0,2484985.0,51.0,366221.0,8.0
TD,15.454166,18.732207,Chad,7702.0,47.0,,,,194.0,1.0,,,TCD,9151765.0,5147667.0,56.0,31.0,5020360.0,31.0,4042573.0,25.0
CL,-35.675147,-71.542969,Chile,5406974.0,28285.0,637.0,3.0,637.0,62812.0,329.0,9.0,9.0,CHL,66900000.0,17500000.0,350.0,92.0,17700000.0,93.0,15800000.0,83.0
CN,35.86166,104.195397,China,99381302.0,6755.0,47.0,,47.0,122377.0,8.0,,,CHN,3520000000.0,1320000000.0,239.0,90.0,1280000000.0,87.0,834000000.0,57.0
CO,4.570868,-74.297333,Colombia,6394582.0,12567.0,34.0,,34.0,142727.0,281.0,,,COL,90900000.0,43000000.0,179.0,85.0,37200000.0,73.0,14900000.0,29.0
KM,-11.875001,43.872219,Comoros,9109.0,1047.0,,,,160.0,18.0,,,COM,835021.0,438825.0,96.0,50.0,397080.0,46.0,,
CD,-4.038333,21.758664,Congo,25234.0,457.0,,,,389.0,7.0,,,COG,833210.0,695760.0,15.0,13.0,654119.0,12.0,,
CK,-21.236736,-159.777671,Cook Islands,7375.0,41989.0,,,,2.0,11.0,,,COK,40080.0,15112.0,228.0,86.0,14728.0,84.0,10240.0,58.0
CR,9.748917,-83.753428,Costa Rica,1235781.0,24259.0,,,,9374.0,184.0,,,CRI,13600000.0,4650636.0,267.0,91.0,4369784.0,86.0,2986527.0,59.0
HR,45.1,15.2,Croatia,1351718.0,33309.0,441.0,11.0,441.0,18779.0,463.0,,,HRV,5435966.0,2321669.0,134.0,57.0,2246622.0,55.0,996098.0,25.0
CU,21.521757,-77.781167,Cuba,1113662.0,9832.0,,,,8530.0,75.0,,,CUB,45900000.0,10800000.0,405.0,95.0,10000000.0,89.0,8783298.0,78.0
CY,35.126413,33.429859,Cyprus,709396.0,79886.0,245.0,28.0,245.0,1497.0,169.0,,,CYP,1891597.0,669294.0,213.0,75.0,656138.0,74.0,520026.0,59.0
CZ,49.817492,15.472962,Czech Republic,4821194.0,45083.0,1443.0,13.0,1443.0,43748.0,409.0,9.0,9.0,CZE,18600000.0,6972222.0,174.0,65.0,6887973.0,64.0,4365928.0,41.0
CG,-0.228021,15.827659,Democratic Republic of the Congo,100984.0,113.0,,,,1474.0,2.0,,,COD,18800000.0,17000000.0,21.0,19.0,14400000.0,16.0,,
DK,56.26392,9.501785,Denmark,3444241.0,59151.0,234.0,4.0,234.0,10012.0,172.0,,,DNK,14900000.0,4737987.0,256.0,81.0,4781285.0,82.0,3674678.0,63.0
DJ,11.825138,42.590275,Djibouti,15690.0,1588.0,,,,189.0,19.0,,,DJI,723789.0,372077.0,73.0,38.0,351712.0,36.0,,
DM,15.414999,-61.370976,Dominica,16047.0,22290.0,,,,74.0,103.0,,,DMA,67647.0,32995.0,94.0,46.0,30659.0,43.0,3993.0,6.0
DO,18.735693,-70.162651,Dominican Republic,661103.0,6094.0,,,,4384.0,40.0,,,DOM,16400000.0,7360900.0,151.0,68.0,6130483.0,57.0,2575142.0,24.0
EC,-1.831239,-78.183406,Ecuador,1078863.0,6115.0,8.0,,8.0,36055.0,204.0,,,ECU,39600000.0,15300000.0,224.0,87.0,14200000.0,81.0,7732930.0,44.0
EG,26.820553,30.802498,Egypt,516023.0,504.0,,,,24830.0,24.0,,,EGY,102000000.0,56900000.0,100.0,56.0,42300000.0,41.0,15200000.0,15.0
SV,13.794185,-88.89653,El Salvador,201965.0,3114.0,,,,4230.0,65.0,,,SLV,11500000.0,4659970.0,177.0,72.0,4397817.0,68.0,1908547.0,29.0
GQ,1.650801,10.267895,Equatorial Guinea,17130.0,1221.0,,,,183.0,13.0,,,GNQ,488738.0,270109.0,35.0,19.0,214032.0,15.0,4597.0,
ER,15.179384,39.782334,Eritrea,10189.0,287.0,,,,103.0,3.0,,,,,,,,,,,
EE,58.595272,25.013607,Estonia,613128.0,46135.0,137.0,10.0,137.0,2998.0,226.0,,,EST,2205229.0,845148.0,166.0,64.0,842177.0,63.0,487389.0,37.0
SZ,-26.522503,31.465866,Eswatini,75356.0,6495.0,,,,1427.0,123.0,,,SWZ,870205.0,526050.0,75.0,45.0,427335.0,37.0,179450.0,15.0
ET,9.145,40.489673,Ethiopia,501258.0,436.0,,,,7574.0,7.0,,,ETH,68900000.0,52500000.0,60.0,46.0,43700000.0,38.0,5978070.0,5.0
FK,-51.796253,-59.523613,Falkland Islands [Malvinas],1923.0,55211.0,,,,,,,,,,,,,,,,
FO,61.892635,-6.911806,Faroe Islands,34658.0,70926.0,,,,28.0,57.0,,,,,,,,,,,
FJ,-16.578193,179.414413,Fiji,69047.0,7702.0,,,,885.0,99.0,,,FJI,1555182.0,712025.0,173.0,79.0,641194.0,72.0,172078.0,19.0
FI,61.92411,25.748151,Finland,1499712.0,27143.0,,,,11466.0,208.0,,,FIN,14200000.0,4547671.0,257.0,82.0,4365135.0,79.0,4016189.0,73.0
FR,46.227638,2.213749,France,39008268.0,59976.0,704.0,1.0,704.0,168120.0,258.0,,,FRA,158000000.0,54700000.0,243.0,84.0,53200000.0,82.0,41000000.0,63.0
GF,3.933889,-53.125782,French Guiana,98041.0,32825.0,,,,413.0,138.0,,,GUF,242386.0,100359.0,81.0,34.0,90493.0,30.0,46361.0,16.0
PF,-17.679742,-149.406843,French Polynesia,79451.0,28284.0,,,,650.0,231.0,,,PYF,493692.0,195688.0,176.0,70.0,195688.0,70.0,102317.0,36.0
GA,-0.803689,11.609444,Gabon,49056.0,2204.0,,,,307.0,14.0,,,GAB,572672.0,311244.0,26.0,14.0,257471.0,12.0,2592.0,
GM,13.443182,-15.310139,Gambia,12627.0,522.0,,,,372.0,15.0,,,GMB,1444492.0,674314.0,60.0,28.0,539186.0,22.0,53741.0,2.0
GE,42.315407,43.356892,Georgia,1864383.0,46736.0,,,,17151.0,430.0,,,GEO,2739270.0,1300867.0,69.0,33.0,1187212.0,30.0,251191.0,6.0
DE,51.165691,10.451526,Germany,38437756.0,46218.0,,,,174979.0,210.0,,,DEU,193000000.0,64900000.0,232.0,78.0,63600000.0,76.0,52100000.0,63.0
GH,7.946527,-1.023194,Ghana,172324.0,555.0,,,,1463.0,5.0,,,GHA,25600000.0,13900000.0,82.0,45.0,10800000.0,35.0,4806017.0,15.0
GI,36.137741,-5.345374,Gibraltar,20550.0,60996.0,,,,113.0,335.0,,,,,,,,,,,
GR,39.074208,21.824312,Greece,5742253.0,53573.0,2751.0,26.0,2751.0,39764.0,371.0,27.0,27.0,GRC,22200000.0,7917288.0,207.0,74.0,7745574.0,72.0,6071723.0,57.0
GL,71.706936,-42.604303,Greenland,11971.0,21086.0,,,,21.0,37.0,,,,,,,,,,,
GD,12.262776,-61.604171,Grenada,19693.0,17501.0,,,,238.0,212.0,,,GRD,90686.0,44241.0,81.0,39.0,39034.0,35.0,7411.0,7.0
GP,16.995971,-62.067641,Guadeloupe,203235.0,50793.0,,,,1021.0,255.0,,,GLP,400424.0,152189.0,100.0,38.0,146147.0,37.0,89052.0,22.0
GU,13.444304,144.793731,Guam,52287.0,30980.0,,,,419.0,248.0,,,,,,,,,,,
GT,15.783471,-90.230759,Guatemala,1250394.0,6979.0,,,,20203.0,113.0,,,GTM,20400000.0,8937923.0,114.0,50.0,7130895.0,40.0,3723845.0,21.0
GG,49.465691,-2.585278,Guernsey,35326.0,54796.0,,,,67.0,104.0,,,,,,,,,,,
GN,9.945587,-9.696645,Guinea,38582.0,294.0,,,,468.0,4.0,,,GIN,12000000.0,8715641.0,92.0,66.0,5853990.0,45.0,425378.0,3.0
GW,11.803749,-15.180413,Guinea-Bissau,9614.0,489.0,,,,177.0,9.0,,,GNB,920752.0,747057.0,47.0,38.0,547637.0,28.0,76359.0,4.0
GY,4.860416,-58.93018,Guyana,74492.0,9471.0,1.0,,1.0,1302.0,166.0,,,GUY,967861.0,497550.0,123.0,63.0,384507.0,49.0,80224.0,10.0
HT,18.971187,-72.285215,Haiti,34690.0,304.0,3.0,,3.0,860.0,8.0,,,HTI,680104.0,521396.0,6.0,5.0,366339.0,3.0,,
HN,15.199999,-86.241905,Honduras,472910.0,4775.0,,,,11114.0,112.0,,,HND,17100000.0,6596213.0,172.0,67.0,5853689.0,59.0,4803544.0,48.0
HU,47.162494,19.503304,Hungary,2237074.0,22898.0,132.0,1.0,132.0,49104.0,503.0,,,HUN,16600000.0,6358657.0,170.0,65.0,6152022.0,63.0,3876420.0,40.0
IS,64.963051,-19.020835,Iceland,210720.0,57869.0,10.0,3.0,10.0,186.0,51.0,,,ISL,903424.0,307412.0,248.0,84.0,297934.0,82.0,287652.0,79.0
IN,20.593684,78.96288,India,45044485.0,3264.0,29.0,,29.0,533658.0,39.0,1.0,1.0,IND,2210000000.0,1030000000.0,160.0,74.0,952000000.0,69.0,229000000.0,17.0
ID,-0.789275,113.921327,Indonesia,6829888.0,2497.0,3.0,,3.0,162059.0,59.0,,,IDN,448000000.0,204000000.0,164.0,75.0,175000000.0,64.0,69400000.0,25.0
IR,32.427908,53.688046,Iran,7627863.0,9082.0,,,,146837.0,175.0,,,IRN,155000000.0,65200000.0,185.0,78.0,58600000.0,70.0,31400000.0,37.0
IQ,33.223191,43.679291,Iraq,2465545.0,6130.0,,,,25375.0,63.0,,,IRQ,19600000.0,11300000.0,49.0,28.0,7944775.0,20.0,275280.0,1.0
IE,53.41291,-8.24389,Ireland,1751473.0,35280.0,132.0,3.0,132.0,9907.0,200.0,,,IRL,13100000.0,4245977.0,264.0,86.0,4063819.0,82.0,3787948.0,76.0
IM,54.236107,-4.548056,Isle of Man,38008.0,44698.0,,,,116.0,136.0,,,,,,,,,,,
IL,31.046051,34.851612,Israel,4841558.0,55936.0,,,,12707.0,147.0,,,ISR,18900000.0,7055466.0,218.0,82.0,6385731.0,74.0,4474108.0,52.0
IT,41.87194,12.56738,Italy,26826486.0,44980.0,,,,197542.0,331.0,,,ITA,150000000.0,50600000.0,252.0,85.0,49500000.0,83.0,44900000.0,75.0
JM,18.109581,-77.297508,Jamaica,157337.0,5313.0,,,,3619.0,122.0,,,JAM,1529113.0,722248.0,52.0,24.0,760800.0,26.0,46065.0,2.0
JP,36.204824,138.252924,Japan,33803572.0,26727.0,,,,74694.0,59.0,,,JPN,433000000.0,105000000.0,343.0,83.0,103000000.0,82.0,86700000.0,69.0
JE,49.214439,-2.13125,Jersey,66391.0,61589.0,,,,161.0,149.0,,,,,,,,,,,
JO,30.585164,36.238414,Jordan,1746997.0,17122.0,,,,14122.0,138.0,,,JOR,10100000.0,4821579.0,99.0,47.0,4558313.0,45.0,682211.0,7.0
KZ,48.019573,66.923684,Kazakhstan,1504370.0,8012.0,,,,19072.0,102.0,,,KAZ,38400000.0,12400000.0,204.0,66.0,13100000.0,70.0,6801526.0,36.0
KE,-0.023559,37.906193,Kenya,344113.0,640.0,,,,5689.0,11.0,,,KEN,23800000.0,14500000.0,44.0,27.0,11100000.0,21.0,2000636.0,4.0
KI,-3.370417,-168.734039,Kiribati,5085.0,4257.0,,,,24.0,20.0,,,KIR,219980.0,100900.0,184.0,84.0,81474.0,68.0,37606.0,31.0
XK,42.602636,20.902977,Kosovo,274279.0,15274.0,,,,3212.0,179.0,,,XKX,1836901.0,904558.0,102.0,50.0,824752.0,46.0,105624.0,6.0
KW,29.31166,47.481766,Kuwait,667290.0,15625.0,,,,2570.0,60.0,,,KWT,8261221.0,3457498.0,193.0,81.0,3346176.0,78.0,1457547.0,34.0
KG,41.20438,74.766098,Kyrgyzstan,88953.0,1363.0,,,,1024.0,16.0,,,KGZ,3167393.0,1528725.0,49.0,23.0,1337850.0,21.0,300818.0,5.0
LA,19.85627,102.495496,Laos,219060.0,3011.0,,,,671.0,9.0,,,LAO,13900000.0,6324678.0,191.0,87.0,5691962.0,78.0,2451034.0,34.0
LV,56.879635,24.603189,Latvia,977765.0,51254.0,,,,7475.0,392.0,,,LVA,2979624.0,1344394.0,156.0,70.0,1304787.0,68.0,550901.0,29.0
LB,33.854721,35.862285,Lebanon,1239904.0,18166.0,,,,10947.0,160.0,,,LBN,5814699.0,2740227.0,85.0,40.0,2414223.0,35.0,660249.0,10.0
LS,-29.609988,28.233608,Lesotho,36138.0,1687.0,,,,709.0,33.0,,,LSO,1339097.0,1014073.0,63.0,47.0,938088.0,44.0,177816.0,8.0
LR,6.428055,-9.429499,Liberia,7932.0,157.0,,,,294.0,6.0,,,LBR,4460668.0,3903802.0,88.0,77.0,3730967.0,74.0,1987.0,
LY,26.3351,17.228331,Libya,507269.0,7382.0,,,,6437.0,94.0,,,LBY,3653384.0,2316327.0,53.0,34.0,1236102.0,18.0,186729.0,3.0
LI,47.166,9.555373,Liechtenstein,21609.0,55769.0,,,,89.0,230.0,,,LIE,71104.0,26681.0,,,26346.0,,18310.0,
LT,55.169438,23.881275,Lithuania,1417176.0,50720.0,604.0,22.0,604.0,9859.0,353.0,1.0,1.0,LTU,4532649.0,1960786.0,162.0,70.0,1907061.0,68.0,902103.0,32.0
LU,49.815273,6.129583,Luxembourg,396500.0,63328.0,84.0,13.0,84.0,1000.0,160.0,,,LUX,1337940.0,469285.0,214.0,75.0,462715.0,74.0,368527.0,59.0
MG,-18.766947,46.869107,Madagascar,68582.0,248.0,,,,1428.0,5.0,,,MDG,3092063.0,2710365.0,11.0,10.0,2628849.0,9.0,169187.0,1.0
MW,-13.254308,34.301525,Malawi,89168.0,466.0,,,,2686.0,14.0,,,MWI,8503954.0,5433538.0,44.0,28.0,4288014.0,22.0,1232829.0,6.0
MY,4.210484,101.975766,Malaysia,5322678.0,16445.0,,,,37351.0,115.0,,,MYS,72600000.0,28100000.0,224.0,87.0,27600000.0,85.0,16300000.0,51.0
MV,3.202778,73.22068,Maldives,186694.0,34538.0,,,,316.0,58.0,,,MDV,951764.0,399308.0,176.0,74.0,385167.0,71.0,167289.0,31.0
ML,17.570692,-3.996166,Mali,33180.0,164.0,,,,743.0,4.0,,,MLI,5922585.0,4354292.0,29.0,22.0,3633589.0,18.0,,
MT,35.937496,14.375416,Malta,123569.0,24014.0,5.0,1.0,5.0,1167.0,227.0,,,MLT,1282437.0,450535.0,249.0,88.0,444904.0,86.0,354901.0,69.0
MH,7.131474,171.184478,Marshall Islands,16297.0,27532.0,,,,17.0,29.0,,,,,,,,,,,
MQ,14.641528,-61.024174,Martinique,230354.0,61384.0,,,,1104.0,294.0,,,,,,,,,,,
MR,21.00789,-10.940835,Mauritania,63879.0,1374.0,,,,997.0,21.0,,,MRT,4075874.0,2103754.0,88.0,45.0,1540597.0,33.0,383937.0,8.0
MU,-20.348404,57.552152,Mauritius,329294.0,25893.0,,,,1074.0,84.0,,,MUS,2616012.0,1123773.0,206.0,88.0,1088142.0,86.0,654507.0,51.0
YT,-12.8275,45.166244,Mayotte,42027.0,15405.0,,,,187.0,69.0,,,,,,,,,,,
MX,23.634501,-102.552784,Mexico,7622433.0,5912.0,3.0,,3.0,334809.0,260.0,,,MEX,222000000.0,96700000.0,172.0,75.0,81300000.0,63.0,57000000.0,44.0
FM,7.425554,150.550812,Micronesia,31765.0,27616.0,,,,62.0,54.0,,,,,,,,,,,
MD,47.411631,28.369885,Moldova,650784.0,16133.0,18.0,,18.0,12282.0,304.0,,,MDA,2293086.0,1109524.0,57.0,28.0,1078961.0,27.0,406022.0,10.0
MC,43.750298,7.412841,Monaco,17181.0,43780.0,,,,67.0,171.0,,,MCO,71929.0,25123.0,183.0,64.0,25261.0,64.0,17747.0,45.0
MN,46.862496,103.846656,Mongolia,1011489.0,30854.0,,,,2136.0,65.0,,,MNG,5668144.0,2284018.0,173.0,70.0,2185282.0,67.0,1058839.0,32.0
ME,42.708678,19.37439,Montenegro,251280.0,40009.0,,,,2654.0,423.0,,,MNE,526975.0,272152.0,84.0,43.0,254365.0,40.0,,
MS,16.742498,-62.187366,Montserrat,1403.0,28066.0,,,,8.0,160.0,,,MSR,4619.0,2104.0,92.0,42.0,1952.0,39.0,563.0,11.0
MA,31.791702,-7.09262,Morocco,1279115.0,3465.0,,,,16305.0,44.0,,,MAR,55400000.0,25000000.0,150.0,68.0,23500000.0,64.0,6925973.0,19.0
MZ,-18.665695,35.529562,Mozambique,233845.0,748.0,,,,2252.0,7.0,,,MOZ,35000000.0,22900000.0,112.0,73.0,21300000.0,68.0,2323562.0,7.0
MM,21.913965,95.956223,Myanmar,643234.0,1182.0,,,,19494.0,36.0,,,MMR,93500000.0,41600000.0,172.0,76.0,35900000.0,66.0,16000000.0,29.0
,-22.95764,18.49041,Namibia,172556.0,6791.0,,,,4110.0,162.0,,,NAM,1005937.0,629767.0,40.0,25.0,550978.0,22.0,298560.0,12.0
NR,-0.522778,166.931503,Nauru,5393.0,49778.0,,,,1.0,9.0,,,NRU,32157.0,13106.0,297.0,100.0,11346.0,100.0,7705.0,71.0
NP,28.394857,84.124008,Nepal,1003450.0,3444.0,,,,12031.0,41.0,,,NPL,62600000.0,27900000.0,215.0,96.0,24500000.0,84.0,10300000.0,35.0
NL,52.132633,5.291266,Netherlands,8641797.0,49644.0,244.0,1.0,244.0,22986.0,132.0,,,NLD,40300000.0,13500000.0,231.0,77.0,12400000.0,71.0,12100000.0,70.0
NC,-20.904305,165.618042,New Caledonia,80203.0,28092.0,,,,314.0,110.0,,,NCL,480497.0,192371.0,168.0,67.0,184801.0,65.0,103325.0,36.0
NZ,-40.900557,174.885971,New Zealand,2658636.0,55133.0,1674.0,35.0,1674.0,4476.0,93.0,6.0,6.0,NZL,12300000.0,4259911.0,254.0,88.0,4096278.0,85.0,2719283.0,56.0
NI,12.865416,-85.207229,Nicaragua,16196.0,244.0,,,,245.0,4.0,,,NIC,15500000.0,6404524.0,234.0,97.0,6126708.0,92.0,2892531.0,44.0
NE,17.607789,8.081666,Niger,9528.0,39.0,,,,315.0,1.0,,,NER,7372208.0,6248483.0,30.0,26.0,5483001.0,23.0,,
NG,9.081999,8.675277,Nigeria,267189.0,130.0,,,,3155.0,2.0,,,NGA,133000000.0,93800000.0,65.0,46.0,81300000.0,39.0,16800000.0,8.0
NU,-19.054445,-169.867233,Niue,1092.0,67491.0,,,,,,,,NIU,4923.0,1638.0,304.0,100.0,1635.0,100.0,1225.0,76.0
MK,41.608635,21.745275,North Macedonia,352060.0,16899.0,1.0,,1.0,9990.0,480.0,,,MKD,1862987.0,854570.0,89.0,41.0,838181.0,40.0,161633.0,8.0
MP,17.33083,145.38469,Northern Mariana Islands,14985.0,26035.0,,,,41.0,71.0,,,,,,,,,,,
NO,60.472024,8.468946,Norway,1528929.0,28485.0,926.0,17.0,926.0,5732.0,107.0,,,NOR,13000000.0,4346149.0,243.0,81.0,4061312.0,76.0,3705726.0,69.0
OM,21.512583,55.923255,Oman,399449.0,7822.0,,,,4628.0,91.0,,,OMN,7108547.0,3279632.0,139.0,64.0,3048826.0,60.0,779859.0,15.0
PK,30.375321,69.345116,Pakistan,1580631.0,716.0,,,,30656.0,14.0,,,PAK,341000000.0,166000000.0,154.0,75.0,140000000.0,64.0,53200000.0,24.0
PW,7.51498,134.58252,Palau,6372.0,35220.0,,,,10.0,55.0,,,PLW,51032.0,20295.0,282.0,100.0,18278.0,100.0,12885.0,71.0
PS,31.952162,35.233154,Palestinian Territories,703228.0,13785.0,,,,5708.0,112.0,,,PSE,3748571.0,2012767.0,73.0,39.0,1776973.0,35.0,336967.0,7.0
PA,8.537981,-80.782127,Panama,1044987.0,24219.0,,,,8756.0,203.0,,,PAN,9201276.0,3746041.0,213.0,87.0,3178700.0,74.0,1770843.0,41.0
PG,-6.314993,143.95555,Papua New Guinea,46864.0,524.0,,,,670.0,7.0,,,PNG,543670.0,399198.0,6.0,4.0,338004.0,4.0,37525.0,
PY,-23.442503,-58.443832,Paraguay,735759.0,10316.0,,,,19880.0,279.0,,,PRY,9954852.0,3995915.0,140.0,56.0,3550673.0,50.0,1660766.0,23.0
PE,-9.189967,-75.015152,Peru,4526977.0,13730.0,,,,220975.0,670.0,,,PER,91300000.0,30500000.0,277.0,93.0,28700000.0,87.0,22200000.0,67.0
PH,12.879721,121.774017,Philippines,4140383.0,3778.0,,,,66864.0,61.0,,,PHL,189000000.0,82700000.0,173.0,75.0,78400000.0,72.0,23800000.0,22.0
PN,-24.703615,-127.439308,Pitcairn Islands,4.0,8000.0,,,,,,,,,,,,,,,,
PL,51.919438,19.145136,Poland,6765482.0,17824.0,1067.0,3.0,1067.0,120955.0,319.0,8.0,8.0,POL,58600000.0,23000000.0,154.0,61.0,22700000.0,60.0,12900000.0,34.0
PT,39.399872,-8.224454,Portugal,5670089.0,55071.0,69.0,1.0,69.0,29070.0,282.0,5.0,5.0,PRT,27400000.0,9822021.0,266.0,95.0,8910340.0,87.0,7052055.0,68.0
PR,18.220833,-66.590149,Puerto Rico,1252713.0,43788.0,,,,5938.0,208.0,,,PRI,7846764.0,3136418.0,274.0,100.0,2688410.0,94.0,1808780.0,63.0
QA,25.354826,51.183884,Qatar,514524.0,17859.0,,,,690.0,24.0,,,QAT,7609178.0,2852178.0,264.0,99.0,2852178.0,99.0,1904822.0,66.0
RO,45.943161,24.96676,Romania,3567145.0,18455.0,169.0,1.0,169.0,68943.0,357.0,2.0,2.0,ROU,16100000.0,8188137.0,83.0,42.0,8142363.0,42.0,1770001.0,9.0
RU,61.52401,105.318756,Russia,24704524.0,16929.0,31138.0,21.0,31138.0,403828.0,277.0,61.0,61.0,RUS,187000000.0,89100000.0,128.0,61.0,79700000.0,55.0,,
RW,-1.940278,29.873888,Rwanda,133266.0,1029.0,,,,1468.0,11.0,,,RWA,27300000.0,10900000.0,211.0,84.0,10400000.0,80.0,5879013.0,45.0
SH,-24.143474,-10.030696,Saint Helena,2166.0,35678.0,,,,,,,,,,,,,,,,
KN,17.357822,-62.782998,Saint Kitts and Nevis,6607.0,12421.0,,,,46.0,86.0,,,KNA,64297.0,33794.0,121.0,64.0,27000.0,51.0,3465.0,7.0
LC,13.909444,-60.978893,Saint Lucia,30231.0,16463.0,,,,410.0,223.0,,,LCA,122977.0,60140.0,67.0,33.0,54971.0,30.0,7866.0,4.0
PM,46.941936,-56.27111,Saint Pierre and Miquelon,3426.0,59120.0,,,,2.0,35.0,,,,,,,,,,,
VC,12.984305,-61.287228,Saint Vincent and the Grenadines,9674.0,8720.0,,,,124.0,112.0,,,VCT,73443.0,37532.0,66.0,34.0,31632.0,29.0,4279.0,4.0
WS,-13.759029,-172.104629,Samoa,17057.0,8597.0,,,,31.0,16.0,,,WSM,453130.0,191403.0,228.0,96.0,177954.0,90.0,82268.0,41.0
SM,43.94236,12.457777,San Marino,25292.0,74524.0,,,,126.0,371.0,,,SMR,69338.0,26357.0,204.0,78.0,23633.0,70.0,19348.0,57.0
ST,0.18636,6.613081,Sao Tome and Principe,6771.0,3090.0,,,,80.0,37.0,,,STP,263863.0,140256.0,120.0,64.0,111986.0,51.0,34624.0,16.0
SA,23.885942,45.079162,Saudi Arabia,841469.0,2417.0,,,,9646.0,28.0,,,SAU,68500000.0,27000000.0,197.0,78.0,25400000.0,73.0,16100000.0,46.0
SN,14.497401,-14.452362,Senegal,89316.0,533.0,,,,1972.0,12.0,,,SEN,3182308.0,2684696.0,19.0,16.0,1548665.0,9.0,724754.0,4.0
RS,44.016521,21.005859,Serbia,2583470.0,37297.0,,,,18057.0,261.0,,,SRB,6722671.0,3398116.0,97.0,49.0,3324555.0,48.0,,
SC,-4.679574,55.491977,Seychelles,51892.0,52764.0,,,,172.0,175.0,,,SYC,224558.0,88520.0,228.0,90.0,83565.0,85.0,44936.0,46.0
SL,8.460555,-11.779889,Sierra Leone,7985.0,100.0,,,,125.0,2.0,,,SLE,9155936.0,5676123.0,115.0,71.0,4961886.0,62.0,1201709.0,15.0
SG,1.352083,103.819836,Singapore,3006155.0,51384.0,,,,2024.0,35.0,,,SGP,15300000.0,5287005.0,262.0,90.0,5248693.0,90.0,4769158.0,82.0
SK,48.669026,19.699024,Slovakia,1885131.0,34540.0,170.0,3.0,170.0,21260.0,390.0,1.0,1.0,SVK,7222380.0,2840017.0,132.0,52.0,2791711.0,51.0,1686458.0,31.0
SI,46.151241,14.995463,Slovenia,1360618.0,64919.0,184.0,9.0,184.0,9914.0,473.0,,,SVN,3028400.0,1252307.0,144.0,60.0,1187384.0,57.0,681485.0,33.0
SB,-9.64571,160.156194,Solomon Islands,25954.0,3779.0,,,,199.0,29.0,,,SLB,612700.0,335796.0,89.0,49.0,254016.0,37.0,27896.0,4.0
SO,5.152149,46.199616,Somalia,27334.0,172.0,,,,1361.0,9.0,,,SOM,8784760.0,8972167.0,55.0,56.0,7666835.0,48.0,,
ZA,-30.559482,22.937506,South Africa,4072837.0,6867.0,,,,102595.0,173.0,,,ZAF,41800000.0,24200000.0,70.0,41.0,21000000.0,35.0,4410601.0,7.0
KR,35.907757,127.766922,South Korea,34571873.0,67432.0,,,,35934.0,70.0,,,KOR,136000000.0,45100000.0,265.0,88.0,44700000.0,87.0,33600000.0,66.0
ES,40.463667,-3.74922,Spain,13980340.0,29536.0,,,,121852.0,257.0,,,ESP,119000000.0,41300000.0,252.0,87.0,37500000.0,79.0,32900000.0,70.0
LK,7.873054,80.771797,Sri Lanka,672809.0,3142.0,,,,16907.0,79.0,,,LKA,40100000.0,17100000.0,187.0,80.0,14800000.0,69.0,8220002.0,38.0
SD,12.862807,30.217636,Sudan,63993.0,146.0,,,,5046.0,12.0,,,SSD,4365547.0,4315127.0,39.0,39.0,4273253.0,38.0,513122.0,5.0
SD,12.862807,30.217636,Sudan,63993.0,146.0,,,,5046.0,12.0,,,SDN,28700000.0,15200000.0,65.0,35.0,13400000.0,31.0,38261.0,
SR,3.919305,-56.027783,Suriname,82504.0,14064.0,,,,1406.0,240.0,,,SUR,554588.0,267820.0,95.0,46.0,237879.0,41.0,48889.0,8.0
SE,60.128161,18.643501,Sweden,2768329.0,26805.0,628.0,6.0,628.0,28226.0,273.0,40.0,40.0,SWE,23200000.0,7563941.0,225.0,73.0,7403549.0,72.0,5542831.0,54.0
CH,46.818188,8.227512,Switzerland,4472572.0,51678.0,846.0,10.0,846.0,14170.0,164.0,,,CHE,16800000.0,6096600.0,194.0,70.0,5723066.0,66.0,4996650.0,58.0
SY,34.802075,38.996815,Syria,57423.0,328.0,,,,3163.0,18.0,,,SYR,5090630.0,3295630.0,29.0,19.0,2358365.0,13.0,75881.0,
TJ,38.861034,71.276093,Tajikistan,17786.0,186.0,,,,125.0,1.0,,,TJK,20600000.0,5328277.0,216.0,56.0,5191919.0,54.0,5322496.0,56.0
TZ,-6.369028,34.888822,Tanzania,43312.0,73.0,,,,846.0,1.0,,,TZA,39400000.0,34400000.0,66.0,58.0,32200000.0,54.0,,
TH,15.870032,100.992541,Thailand,4805764.0,6885.0,,,,34736.0,50.0,,,THA,143000000.0,57700000.0,204.0,83.0,54200000.0,78.0,32100000.0,46.0
TL,-8.874217,125.727539,Timor-Leste,23460.0,1779.0,,,,138.0,10.0,,,TLS,2028798.0,886838.0,154.0,67.0,801759.0,61.0,340201.0,26.0
TG,8.619543,0.824782,Togo,39537.0,478.0,,,,290.0,4.0,,,TGO,3423181.0,2255579.0,41.0,27.0,1554066.0,19.0,427804.0,5.0
TK,-8.967363,-171.855881,Tokelau,80.0,5926.0,,,,,,,,TKL,6342.0,2203.0,470.0,100.0,2203.0,100.0,968.0,72.0
TO,-21.178986,-175.198242,Tonga,16992.0,16076.0,,,,13.0,12.0,,,TON,204737.0,87375.0,194.0,83.0,77390.0,73.0,38588.0,37.0
TT,10.691803,-61.222503,Trinidad and Tobago,191496.0,13683.0,,,,4390.0,314.0,,,TTO,1592148.0,754399.0,114.0,54.0,718969.0,51.0,174836.0,12.0
TN,33.886917,9.537499,Tunisia,1153361.0,9759.0,,,,29423.0,249.0,,,TUN,16600000.0,8896848.0,140.0,75.0,6401705.0,54.0,1258577.0,11.0
TR,38.963745,35.243322,Turkey,17004712.0,20162.0,,,,101419.0,120.0,,,TUR,152000000.0,57900000.0,181.0,69.0,53200000.0,63.0,27900000.0,33.0
TM,38.969719,59.556278,Turkmenistan,,,,,,,,,,TKM,16800000.0,4614869.0,278.0,77.0,4568901.0,76.0,3816400.0,63.0
TC,21.694025,-71.797928,Turks and Caicos Islands,6826.0,17630.0,,,,40.0,103.0,,,TCA,73907.0,32815.0,191.0,85.0,30710.0,79.0,7443.0,19.0
TV,-7.109535,177.64933,Tuvalu,2943.0,24958.0,,,,1.0,8.0,,,TUV,26783.0,9763.0,227.0,83.0,9505.0,81.0,5745.0,49.0
UG,1.373333,32.290275,Uganda,172159.0,376.0,,,,3632.0,8.0,,,UGA,26400000.0,20000000.0,58.0,44.0,13100000.0,29.0,764664.0,2.0
UA,48.379433,31.16558,Ukraine,5541310.0,12671.0,106.0,,106.0,109925.0,251.0,,,UKR,35700000.0,16300000.0,82.0,37.0,15700000.0,36.0,3294979.0,8.0
AE,23.424076,53.847818,United Arab Emirates,1067030.0,10789.0,,,,2349.0,24.0,,,ARE,24900000.0,9991089.0,252.0,100.0,9792266.0,99.0,5138699.0,52.0
GB,55.378051,-3.435973,United Kingdom,25018085.0,36853.0,1250.0,2.0,1250.0,232112.0,342.0,,,GBR,151000000.0,53800000.0,223.0,79.0,50800000.0,75.0,,
US,37.09024,-95.712891,United States of America,103436829.0,31250.0,,,,1209009.0,365.0,345.0,345.0,USA,712000000.0,270000000.0,215.0,82.0,231000000.0,70.0,118000000.0,36.0
UY,-32.522779,-55.765835,Uruguay,1042209.0,30003.0,76.0,2.0,76.0,7687.0,221.0,,,URY,9037498.0,3010464.0,260.0,87.0,2903186.0,84.0,2080961.0,60.0
UZ,41.377491,64.585262,Uzbekistan,175081.0,523.0,,,,1016.0,3.0,,,UZB,83900000.0,22100000.0,251.0,66.0,18500000.0,55.0,16400000.0,49.0
VU,-15.376706,166.959158,Vanuatu,12019.0,3913.0,,,,14.0,5.0,,,VUT,355430.0,176624.0,116.0,58.0,162250.0,53.0,16556.0,5.0
VE,6.42375,-66.58973,Venezuela,552695.0,1944.0,,,,5856.0,21.0,,,VEN,37900000.0,22200000.0,133.0,78.0,14300000.0,50.0,651502.0,2.0
VN,14.058324,108.277199,Vietnam,11624000.0,11942.0,,,,43206.0,44.0,,,VNM,266000000.0,90500000.0,274.0,93.0,86000000.0,88.0,58000000.0,60.0
WF,-13.768752,-177.156097,Wallis and Futuna,3760.0,33434.0,,,,9.0,80.0,,,WLF,17303.0,7150.0,154.0,64.0,6803.0,60.0,3350.0,30.0
YE,15.552727,48.516388,Yemen,11945.0,40.0,,,,2159.0,7.0,,,YEM,1298654.0,1050202.0,4.0,4.0,807057.0,3.0,68925.0,
ZM,-13.133897,27.849332,Zambia,349892.0,1903.0,,,,4078.0,22.0,,,ZMB,13600000.0,11700000.0,74.0,64.0,9155551.0,50.0,1414619.0,8.0
ZW,-19.015438,29.154857,Zimbabwe,266396.0,1792.0,,,,5740.0,39.0,,,ZWE,13900000.0,7525882.0,94.0,51.0,5662119.0,38.0,2299968.0,15.0
